sID,aname,cid,numGrade,
A1Kcf8Z1u3,Assignment1,asdfg,78,
A1Kcf8Z1u3,Assignment2,asdfg,67,
A1Kcf8Z1u3,Assignment3,asdfg,70,
A1Kcf8Z1u3,Assignment4,asdfg,83,
A1Kcf8Z1u3,Midterm1,asdfg,47,
A1Kcf8Z1u3,Assignment5,asdfg,93,
A1Kcf8Z1u3,Midterm2,asdfg,30,
A1Kcf8Z1u3,Final Project,asdfg,106,
A1Kcf8Z1u3,Bonus Quiz,asdfg,9,
A1Kcf8Z1u3,Final Exam,asdfg,80,
Rjuqf7P3nX,Assignment1,asdfg,96,
Rjuqf7P3nX,Assignment2,asdfg,71,
Rjuqf7P3nX,Assignment3,asdfg,94,
Rjuqf7P3nX,Assignment4,asdfg,67,
Rjuqf7P3nX,Midterm1,asdfg,24,
Rjuqf7P3nX,Assignment5,asdfg,73,
Rjuqf7P3nX,Midterm2,asdfg,28,
Rjuqf7P3nX,Final Project,asdfg,126,
Rjuqf7P3nX,Bonus Quiz,asdfg,8,
Rjuqf7P3nX,Final Exam,asdfg,90,
ECk9NPOnC1,Assignment1,asdfg,88,
ECk9NPOnC1,Assignment2,asdfg,60,
ECk9NPOnC1,Assignment3,asdfg,97,
ECk9NPOnC1,Assignment4,asdfg,94,
ECk9NPOnC1,Midterm1,asdfg,43,
ECk9NPOnC1,Assignment5,asdfg,86,
ECk9NPOnC1,Midterm2,asdfg,53,
ECk9NPOnC1,Final Project,asdfg,103,
ECk9NPOnC1,Bonus Quiz,asdfg,0,
ECk9NPOnC1,Final Exam,asdfg,64,
0nYGfSzH52,Assignment1,asdfg,83,
0nYGfSzH52,Assignment2,asdfg,100,
0nYGfSzH52,Assignment3,asdfg,27,
0nYGfSzH52,Assignment4,asdfg,33,
0nYGfSzH52,Midterm1,asdfg,20,
0nYGfSzH52,Assignment5,asdfg,80,
0nYGfSzH52,Midterm2,asdfg,56,
0nYGfSzH52,Final Project,asdfg,34,
0nYGfSzH52,Bonus Quiz,asdfg,3,
0nYGfSzH52,Final Exam,asdfg,99,
8BdlWK9mvn,Assignment1,asdfg,87,
8BdlWK9mvn,Assignment2,asdfg,56,
8BdlWK9mvn,Assignment3,asdfg,63,
8BdlWK9mvn,Assignment4,asdfg,56,
8BdlWK9mvn,Midterm1,asdfg,55,
8BdlWK9mvn,Assignment5,asdfg,46,
8BdlWK9mvn,Midterm2,asdfg,57,
8BdlWK9mvn,Final Project,asdfg,103,
8BdlWK9mvn,Bonus Quiz,asdfg,9,
8BdlWK9mvn,Final Exam,asdfg,47,
hEp6l3yRkB,Assignment1,asdfg,73,
hEp6l3yRkB,Assignment2,asdfg,88,
hEp6l3yRkB,Assignment3,asdfg,73,
hEp6l3yRkB,Assignment4,asdfg,68,
hEp6l3yRkB,Midterm1,asdfg,57,
hEp6l3yRkB,Assignment5,asdfg,83,
hEp6l3yRkB,Midterm2,asdfg,23,
hEp6l3yRkB,Final Project,asdfg,135,
hEp6l3yRkB,Bonus Quiz,asdfg,8,
hEp6l3yRkB,Final Exam,asdfg,24,
vrSPzDaBog,Assignment1,asdfg,46,
vrSPzDaBog,Assignment2,asdfg,51,
vrSPzDaBog,Assignment3,asdfg,64,
vrSPzDaBog,Assignment4,asdfg,47,
vrSPzDaBog,Midterm1,asdfg,57,
vrSPzDaBog,Assignment5,asdfg,56,
vrSPzDaBog,Midterm2,asdfg,33,
vrSPzDaBog,Final Project,asdfg,107,
vrSPzDaBog,Bonus Quiz,asdfg,8,
vrSPzDaBog,Final Exam,asdfg,41,
yVEE6glmyP,Assignment1,asdfg,52,
yVEE6glmyP,Assignment2,asdfg,88,
yVEE6glmyP,Assignment3,asdfg,90,
yVEE6glmyP,Assignment4,asdfg,67,
yVEE6glmyP,Midterm1,asdfg,20,
yVEE6glmyP,Assignment5,asdfg,29,
yVEE6glmyP,Midterm2,asdfg,28,
yVEE6glmyP,Final Project,asdfg,45,
yVEE6glmyP,Bonus Quiz,asdfg,1,
yVEE6glmyP,Final Exam,asdfg,82,
4D8d5NFQey,Assignment1,asdfg,74,
4D8d5NFQey,Assignment2,asdfg,96,
4D8d5NFQey,Assignment3,asdfg,69,
4D8d5NFQey,Assignment4,asdfg,94,
4D8d5NFQey,Midterm1,asdfg,31,
4D8d5NFQey,Assignment5,asdfg,92,
4D8d5NFQey,Midterm2,asdfg,41,
4D8d5NFQey,Final Project,asdfg,149,
4D8d5NFQey,Bonus Quiz,asdfg,3,
4D8d5NFQey,Final Exam,asdfg,67,
tmil3gYi8I,Assignment1,asdfg,55,
tmil3gYi8I,Assignment2,asdfg,56,
tmil3gYi8I,Assignment3,asdfg,92,
tmil3gYi8I,Assignment4,asdfg,54,
tmil3gYi8I,Midterm1,asdfg,41,
tmil3gYi8I,Assignment5,asdfg,22,
tmil3gYi8I,Midterm2,asdfg,41,
tmil3gYi8I,Final Project,asdfg,120,
tmil3gYi8I,Bonus Quiz,asdfg,3,
tmil3gYi8I,Final Exam,asdfg,58,
stB2damzF1,Assignment1,asdfg,94,
stB2damzF1,Assignment2,asdfg,47,
stB2damzF1,Assignment3,asdfg,70,
stB2damzF1,Assignment4,asdfg,50,
stB2damzF1,Midterm1,asdfg,41,
stB2damzF1,Assignment5,asdfg,22,
stB2damzF1,Midterm2,asdfg,56,
stB2damzF1,Final Project,asdfg,124,
stB2damzF1,Bonus Quiz,asdfg,7,
stB2damzF1,Final Exam,asdfg,28,
Q5zYQSo07T,Assignment1,asdfg,73,
Q5zYQSo07T,Assignment2,asdfg,82,
Q5zYQSo07T,Assignment3,asdfg,40,
Q5zYQSo07T,Assignment4,asdfg,77,
Q5zYQSo07T,Midterm1,asdfg,30,
Q5zYQSo07T,Assignment5,asdfg,62,
Q5zYQSo07T,Midterm2,asdfg,47,
Q5zYQSo07T,Final Project,asdfg,91,
Q5zYQSo07T,Bonus Quiz,asdfg,3,
Q5zYQSo07T,Final Exam,asdfg,70,
WJrWAidLZ5,Assignment1,asdfg,95,
WJrWAidLZ5,Assignment2,asdfg,72,
WJrWAidLZ5,Assignment3,asdfg,100,
WJrWAidLZ5,Assignment4,asdfg,72,
WJrWAidLZ5,Midterm1,asdfg,27,
WJrWAidLZ5,Assignment5,asdfg,100,
WJrWAidLZ5,Midterm2,asdfg,55,
WJrWAidLZ5,Final Project,asdfg,64,
WJrWAidLZ5,Bonus Quiz,asdfg,5,
WJrWAidLZ5,Final Exam,asdfg,80,
l8fb19WIds,Assignment1,sdfgh,88,
l8fb19WIds,Assignment2,sdfgh,70,
l8fb19WIds,Assignment3,sdfgh,92,
l8fb19WIds,Assignment4,sdfgh,88,
l8fb19WIds,Midterm1,sdfgh,55,
l8fb19WIds,Assignment5,sdfgh,82,
l8fb19WIds,Midterm2,sdfgh,24,
l8fb19WIds,Final Project,sdfgh,138,
l8fb19WIds,Bonus Quiz,sdfgh,7,
l8fb19WIds,Final Exam,sdfgh,79,
DlK1RDF6DZ,Assignment1,sdfgh,69,
DlK1RDF6DZ,Assignment2,sdfgh,61,
DlK1RDF6DZ,Assignment3,sdfgh,51,
DlK1RDF6DZ,Assignment4,sdfgh,72,
DlK1RDF6DZ,Midterm1,sdfgh,40,
DlK1RDF6DZ,Assignment5,sdfgh,67,
DlK1RDF6DZ,Midterm2,sdfgh,49,
DlK1RDF6DZ,Final Project,sdfgh,57,
DlK1RDF6DZ,Bonus Quiz,sdfgh,3,
DlK1RDF6DZ,Final Exam,sdfgh,92,
s8jX7v1r9L,Assignment1,sdfgh,80,
s8jX7v1r9L,Assignment2,sdfgh,46,
s8jX7v1r9L,Assignment3,sdfgh,64,
s8jX7v1r9L,Assignment4,sdfgh,35,
s8jX7v1r9L,Midterm1,sdfgh,21,
s8jX7v1r9L,Assignment5,sdfgh,76,
s8jX7v1r9L,Midterm2,sdfgh,36,
s8jX7v1r9L,Final Project,sdfgh,120,
s8jX7v1r9L,Bonus Quiz,sdfgh,1,
s8jX7v1r9L,Final Exam,sdfgh,58,
qSaWq5Khmt,Assignment1,sdfgh,78,
qSaWq5Khmt,Assignment2,sdfgh,90,
qSaWq5Khmt,Assignment3,sdfgh,68,
qSaWq5Khmt,Assignment4,sdfgh,50,
qSaWq5Khmt,Midterm1,sdfgh,29,
qSaWq5Khmt,Assignment5,sdfgh,77,
qSaWq5Khmt,Midterm2,sdfgh,59,
qSaWq5Khmt,Final Project,sdfgh,149,
qSaWq5Khmt,Bonus Quiz,sdfgh,6,
qSaWq5Khmt,Final Exam,sdfgh,49,
JEdJCRTwMu,Assignment1,sdfgh,98,
JEdJCRTwMu,Assignment2,sdfgh,52,
JEdJCRTwMu,Assignment3,sdfgh,97,
JEdJCRTwMu,Assignment4,sdfgh,78,
JEdJCRTwMu,Midterm1,sdfgh,45,
JEdJCRTwMu,Assignment5,sdfgh,92,
JEdJCRTwMu,Midterm2,sdfgh,43,
JEdJCRTwMu,Final Project,sdfgh,141,
JEdJCRTwMu,Bonus Quiz,sdfgh,6,
JEdJCRTwMu,Final Exam,sdfgh,96,
LbOIaCTwOR,Assignment1,sdfgh,78,
LbOIaCTwOR,Assignment2,sdfgh,69,
LbOIaCTwOR,Assignment3,sdfgh,89,
LbOIaCTwOR,Assignment4,sdfgh,94,
LbOIaCTwOR,Midterm1,sdfgh,35,
LbOIaCTwOR,Assignment5,sdfgh,41,
LbOIaCTwOR,Midterm2,sdfgh,59,
LbOIaCTwOR,Final Project,sdfgh,146,
LbOIaCTwOR,Bonus Quiz,sdfgh,3,
LbOIaCTwOR,Final Exam,sdfgh,36,
F8SGo1rfbJ,Assignment1,sdfgh,81,
F8SGo1rfbJ,Assignment2,sdfgh,91,
F8SGo1rfbJ,Assignment3,sdfgh,53,
F8SGo1rfbJ,Assignment4,sdfgh,92,
F8SGo1rfbJ,Midterm1,sdfgh,26,
F8SGo1rfbJ,Assignment5,sdfgh,53,
F8SGo1rfbJ,Midterm2,sdfgh,43,
F8SGo1rfbJ,Final Project,sdfgh,71,
F8SGo1rfbJ,Bonus Quiz,sdfgh,6,
F8SGo1rfbJ,Final Exam,sdfgh,99,
aDQQtN7BnB,Assignment1,sdfgh,90,
aDQQtN7BnB,Assignment2,sdfgh,78,
aDQQtN7BnB,Assignment3,sdfgh,72,
aDQQtN7BnB,Assignment4,sdfgh,65,
aDQQtN7BnB,Midterm1,sdfgh,47,
aDQQtN7BnB,Assignment5,sdfgh,77,
aDQQtN7BnB,Midterm2,sdfgh,53,
aDQQtN7BnB,Final Project,sdfgh,86,
aDQQtN7BnB,Bonus Quiz,sdfgh,7,
aDQQtN7BnB,Final Exam,sdfgh,84,
w4xX1lvTG7,Assignment1,sdfgh,68,
w4xX1lvTG7,Assignment2,sdfgh,45,
w4xX1lvTG7,Assignment3,sdfgh,92,
w4xX1lvTG7,Assignment4,sdfgh,39,
w4xX1lvTG7,Midterm1,sdfgh,25,
w4xX1lvTG7,Assignment5,sdfgh,99,
w4xX1lvTG7,Midterm2,sdfgh,30,
w4xX1lvTG7,Final Project,sdfgh,47,
w4xX1lvTG7,Bonus Quiz,sdfgh,3,
w4xX1lvTG7,Final Exam,sdfgh,86,
ixYZCGpl5D,Assignment1,sdfgh,58,
ixYZCGpl5D,Assignment2,sdfgh,45,
ixYZCGpl5D,Assignment3,sdfgh,86,
ixYZCGpl5D,Assignment4,sdfgh,66,
ixYZCGpl5D,Midterm1,sdfgh,36,
ixYZCGpl5D,Assignment5,sdfgh,73,
ixYZCGpl5D,Midterm2,sdfgh,53,
ixYZCGpl5D,Final Project,sdfgh,65,
ixYZCGpl5D,Bonus Quiz,sdfgh,3,
ixYZCGpl5D,Final Exam,sdfgh,58,
iep724zbM3,Assignment1,sdfgh,63,
iep724zbM3,Assignment2,sdfgh,61,
iep724zbM3,Assignment3,sdfgh,87,
iep724zbM3,Assignment4,sdfgh,35,
iep724zbM3,Midterm1,sdfgh,20,
iep724zbM3,Assignment5,sdfgh,96,
iep724zbM3,Midterm2,sdfgh,47,
iep724zbM3,Final Project,sdfgh,101,
iep724zbM3,Bonus Quiz,sdfgh,5,
iep724zbM3,Final Exam,sdfgh,79,
rRMSF0EH7d,Assignment1,sdfgh,71,
rRMSF0EH7d,Assignment2,sdfgh,75,
rRMSF0EH7d,Assignment3,sdfgh,68,
rRMSF0EH7d,Assignment4,sdfgh,64,
rRMSF0EH7d,Midterm1,sdfgh,48,
rRMSF0EH7d,Assignment5,sdfgh,83,
rRMSF0EH7d,Midterm2,sdfgh,28,
rRMSF0EH7d,Final Project,sdfgh,42,
rRMSF0EH7d,Bonus Quiz,sdfgh,1,
rRMSF0EH7d,Final Exam,sdfgh,78,
EWUS9AaKts,Assignment1,sdfgh,89,
EWUS9AaKts,Assignment2,sdfgh,67,
EWUS9AaKts,Assignment3,sdfgh,54,
EWUS9AaKts,Assignment4,sdfgh,98,
EWUS9AaKts,Midterm1,sdfgh,22,
EWUS9AaKts,Assignment5,sdfgh,63,
EWUS9AaKts,Midterm2,sdfgh,32,
EWUS9AaKts,Final Project,sdfgh,119,
EWUS9AaKts,Bonus Quiz,sdfgh,4,
EWUS9AaKts,Final Exam,sdfgh,54,
A1Kcf8Z1u3,Homework1,ertyu,62,
A1Kcf8Z1u3,Homework2,ertyu,95,
A1Kcf8Z1u3,Homework3,ertyu,98,
A1Kcf8Z1u3,Midterm,ertyu,88,
A1Kcf8Z1u3,Homework4,ertyu,67,
A1Kcf8Z1u3,Homework5,ertyu,58,
A1Kcf8Z1u3,Homework6,ertyu,98,
A1Kcf8Z1u3,Homework7,ertyu,66,
A1Kcf8Z1u3,Homework8,ertyu,58,
A1Kcf8Z1u3,Final Exam,ertyu,94,
Rjuqf7P3nX,Homework1,ertyu,100,
Rjuqf7P3nX,Homework2,ertyu,92,
Rjuqf7P3nX,Homework3,ertyu,86,
Rjuqf7P3nX,Midterm,ertyu,78,
Rjuqf7P3nX,Homework4,ertyu,74,
Rjuqf7P3nX,Homework5,ertyu,54,
Rjuqf7P3nX,Homework6,ertyu,58,
Rjuqf7P3nX,Homework7,ertyu,85,
Rjuqf7P3nX,Homework8,ertyu,67,
Rjuqf7P3nX,Final Exam,ertyu,59,
ECk9NPOnC1,Homework1,ertyu,60,
ECk9NPOnC1,Homework2,ertyu,81,
ECk9NPOnC1,Homework3,ertyu,88,
ECk9NPOnC1,Midterm,ertyu,93,
ECk9NPOnC1,Homework4,ertyu,69,
ECk9NPOnC1,Homework5,ertyu,69,
ECk9NPOnC1,Homework6,ertyu,67,
ECk9NPOnC1,Homework7,ertyu,61,
ECk9NPOnC1,Homework8,ertyu,86,
ECk9NPOnC1,Final Exam,ertyu,51,
0nYGfSzH52,Homework1,ertyu,63,
0nYGfSzH52,Homework2,ertyu,71,
0nYGfSzH52,Homework3,ertyu,57,
0nYGfSzH52,Midterm,ertyu,26,
0nYGfSzH52,Homework4,ertyu,75,
0nYGfSzH52,Homework5,ertyu,44,
0nYGfSzH52,Homework6,ertyu,25,
0nYGfSzH52,Homework7,ertyu,20,
0nYGfSzH52,Homework8,ertyu,45,
0nYGfSzH52,Final Exam,ertyu,58,
8BdlWK9mvn,Homework1,ertyu,86,
8BdlWK9mvn,Homework2,ertyu,68,
8BdlWK9mvn,Homework3,ertyu,41,
8BdlWK9mvn,Midterm,ertyu,74,
8BdlWK9mvn,Homework4,ertyu,77,
8BdlWK9mvn,Homework5,ertyu,77,
8BdlWK9mvn,Homework6,ertyu,100,
8BdlWK9mvn,Homework7,ertyu,78,
8BdlWK9mvn,Homework8,ertyu,96,
8BdlWK9mvn,Final Exam,ertyu,74,
hEp6l3yRkB,Homework1,ertyu,56,
hEp6l3yRkB,Homework2,ertyu,71,
hEp6l3yRkB,Homework3,ertyu,96,
hEp6l3yRkB,Midterm,ertyu,41,
hEp6l3yRkB,Homework4,ertyu,26,
hEp6l3yRkB,Homework5,ertyu,23,
hEp6l3yRkB,Homework6,ertyu,75,
hEp6l3yRkB,Homework7,ertyu,68,
hEp6l3yRkB,Homework8,ertyu,97,
hEp6l3yRkB,Final Exam,ertyu,66,
vrSPzDaBog,Homework1,ertyu,48,
vrSPzDaBog,Homework2,ertyu,76,
vrSPzDaBog,Homework3,ertyu,65,
vrSPzDaBog,Midterm,ertyu,75,
vrSPzDaBog,Homework4,ertyu,88,
vrSPzDaBog,Homework5,ertyu,31,
vrSPzDaBog,Homework6,ertyu,62,
vrSPzDaBog,Homework7,ertyu,72,
vrSPzDaBog,Homework8,ertyu,46,
vrSPzDaBog,Final Exam,ertyu,40,
yVEE6glmyP,Homework1,ertyu,56,
yVEE6glmyP,Homework2,ertyu,88,
yVEE6glmyP,Homework3,ertyu,26,
yVEE6glmyP,Midterm,ertyu,97,
yVEE6glmyP,Homework4,ertyu,94,
yVEE6glmyP,Homework5,ertyu,80,
yVEE6glmyP,Homework6,ertyu,55,
yVEE6glmyP,Homework7,ertyu,45,
yVEE6glmyP,Homework8,ertyu,70,
yVEE6glmyP,Final Exam,ertyu,82,
4D8d5NFQey,Homework1,ertyu,63,
4D8d5NFQey,Homework2,ertyu,58,
4D8d5NFQey,Homework3,ertyu,56,
4D8d5NFQey,Midterm,ertyu,63,
4D8d5NFQey,Homework4,ertyu,36,
4D8d5NFQey,Homework5,ertyu,46,
4D8d5NFQey,Homework6,ertyu,38,
4D8d5NFQey,Homework7,ertyu,29,
4D8d5NFQey,Homework8,ertyu,35,
4D8d5NFQey,Final Exam,ertyu,48,
tmil3gYi8I,Homework1,ertyu,74,
tmil3gYi8I,Homework2,ertyu,47,
tmil3gYi8I,Homework3,ertyu,99,
tmil3gYi8I,Midterm,ertyu,62,
tmil3gYi8I,Homework4,ertyu,43,
tmil3gYi8I,Homework5,ertyu,80,
tmil3gYi8I,Homework6,ertyu,97,
tmil3gYi8I,Homework7,ertyu,25,
tmil3gYi8I,Homework8,ertyu,42,
tmil3gYi8I,Final Exam,ertyu,90,
stB2damzF1,Homework1,ertyu,57,
stB2damzF1,Homework2,ertyu,92,
stB2damzF1,Homework3,ertyu,67,
stB2damzF1,Midterm,ertyu,88,
stB2damzF1,Homework4,ertyu,85,
stB2damzF1,Homework5,ertyu,29,
stB2damzF1,Homework6,ertyu,54,
stB2damzF1,Homework7,ertyu,34,
stB2damzF1,Homework8,ertyu,43,
stB2damzF1,Final Exam,ertyu,38,
Q5zYQSo07T,Homework1,ertyu,78,
Q5zYQSo07T,Homework2,ertyu,78,
Q5zYQSo07T,Homework3,ertyu,83,
Q5zYQSo07T,Midterm,ertyu,93,
Q5zYQSo07T,Homework4,ertyu,67,
Q5zYQSo07T,Homework5,ertyu,76,
Q5zYQSo07T,Homework6,ertyu,43,
Q5zYQSo07T,Homework7,ertyu,53,
Q5zYQSo07T,Homework8,ertyu,91,
Q5zYQSo07T,Final Exam,ertyu,66,
s8jX7v1r9L,Homework1,ertyu,77,
s8jX7v1r9L,Homework2,ertyu,88,
s8jX7v1r9L,Homework3,ertyu,49,
s8jX7v1r9L,Midterm,ertyu,91,
s8jX7v1r9L,Homework4,ertyu,39,
s8jX7v1r9L,Homework5,ertyu,98,
s8jX7v1r9L,Homework6,ertyu,65,
s8jX7v1r9L,Homework7,ertyu,84,
s8jX7v1r9L,Homework8,ertyu,27,
s8jX7v1r9L,Final Exam,ertyu,52,
qSaWq5Khmt,Homework1,ertyu,59,
qSaWq5Khmt,Homework2,ertyu,52,
qSaWq5Khmt,Homework3,ertyu,42,
qSaWq5Khmt,Midterm,ertyu,64,
qSaWq5Khmt,Homework4,ertyu,45,
qSaWq5Khmt,Homework5,ertyu,30,
qSaWq5Khmt,Homework6,ertyu,74,
qSaWq5Khmt,Homework7,ertyu,44,
qSaWq5Khmt,Homework8,ertyu,68,
qSaWq5Khmt,Final Exam,ertyu,44,
JEdJCRTwMu,Homework1,ertyu,86,
JEdJCRTwMu,Homework2,ertyu,77,
JEdJCRTwMu,Homework3,ertyu,62,
JEdJCRTwMu,Midterm,ertyu,45,
JEdJCRTwMu,Homework4,ertyu,70,
JEdJCRTwMu,Homework5,ertyu,38,
JEdJCRTwMu,Homework6,ertyu,24,
JEdJCRTwMu,Homework7,ertyu,21,
JEdJCRTwMu,Homework8,ertyu,47,
JEdJCRTwMu,Final Exam,ertyu,40,
LbOIaCTwOR,Homework1,ertyu,98,
LbOIaCTwOR,Homework2,ertyu,71,
LbOIaCTwOR,Homework3,ertyu,46,
LbOIaCTwOR,Midterm,ertyu,81,
LbOIaCTwOR,Homework4,ertyu,45,
LbOIaCTwOR,Homework5,ertyu,40,
LbOIaCTwOR,Homework6,ertyu,33,
LbOIaCTwOR,Homework7,ertyu,93,
LbOIaCTwOR,Homework8,ertyu,72,
LbOIaCTwOR,Final Exam,ertyu,54,
F8SGo1rfbJ,Homework1,ertyu,86,
F8SGo1rfbJ,Homework2,ertyu,93,
F8SGo1rfbJ,Homework3,ertyu,89,
F8SGo1rfbJ,Midterm,ertyu,31,
F8SGo1rfbJ,Homework4,ertyu,91,
F8SGo1rfbJ,Homework5,ertyu,81,
F8SGo1rfbJ,Homework6,ertyu,40,
F8SGo1rfbJ,Homework7,ertyu,70,
F8SGo1rfbJ,Homework8,ertyu,36,
F8SGo1rfbJ,Final Exam,ertyu,53,
aDQQtN7BnB,Homework1,ertyu,86,
aDQQtN7BnB,Homework2,ertyu,74,
aDQQtN7BnB,Homework3,ertyu,58,
aDQQtN7BnB,Midterm,ertyu,54,
aDQQtN7BnB,Homework4,ertyu,90,
aDQQtN7BnB,Homework5,ertyu,40,
aDQQtN7BnB,Homework6,ertyu,77,
aDQQtN7BnB,Homework7,ertyu,51,
aDQQtN7BnB,Homework8,ertyu,62,
aDQQtN7BnB,Final Exam,ertyu,93,
w4xX1lvTG7,Homework1,ertyu,75,
w4xX1lvTG7,Homework2,ertyu,89,
w4xX1lvTG7,Homework3,ertyu,58,
w4xX1lvTG7,Midterm,ertyu,83,
w4xX1lvTG7,Homework4,ertyu,62,
w4xX1lvTG7,Homework5,ertyu,47,
w4xX1lvTG7,Homework6,ertyu,72,
w4xX1lvTG7,Homework7,ertyu,48,
w4xX1lvTG7,Homework8,ertyu,62,
w4xX1lvTG7,Final Exam,ertyu,93,
ixYZCGpl5D,Homework1,ertyu,64,
ixYZCGpl5D,Homework2,ertyu,45,
ixYZCGpl5D,Homework3,ertyu,22,
ixYZCGpl5D,Midterm,ertyu,32,
ixYZCGpl5D,Homework4,ertyu,39,
ixYZCGpl5D,Homework5,ertyu,45,
ixYZCGpl5D,Homework6,ertyu,66,
ixYZCGpl5D,Homework7,ertyu,70,
ixYZCGpl5D,Homework8,ertyu,57,
ixYZCGpl5D,Final Exam,ertyu,21,
tmt3aPs20s,Assignment1,tyuio,95,
tmt3aPs20s,Assignment2,tyuio,83,
tmt3aPs20s,Assignment3,tyuio,96,
tmt3aPs20s,Assignment4,tyuio,88,
tmt3aPs20s,Midterm1,tyuio,33,
tmt3aPs20s,Assignment5,tyuio,86,
tmt3aPs20s,Midterm2,tyuio,51,
tmt3aPs20s,Final Project,tyuio,103,
tmt3aPs20s,Bonus Quiz,tyuio,1,
tmt3aPs20s,Final Exam,tyuio,64,
QrcaEXMLnx,Assignment1,tyuio,89,
QrcaEXMLnx,Assignment2,tyuio,95,
QrcaEXMLnx,Assignment3,tyuio,76,
QrcaEXMLnx,Assignment4,tyuio,55,
QrcaEXMLnx,Midterm1,tyuio,56,
QrcaEXMLnx,Assignment5,tyuio,36,
QrcaEXMLnx,Midterm2,tyuio,48,
QrcaEXMLnx,Final Project,tyuio,40,
QrcaEXMLnx,Bonus Quiz,tyuio,7,
QrcaEXMLnx,Final Exam,tyuio,52,
VxX7KCsBEi,Assignment1,tyuio,70,
VxX7KCsBEi,Assignment2,tyuio,95,
VxX7KCsBEi,Assignment3,tyuio,70,
VxX7KCsBEi,Assignment4,tyuio,97,
VxX7KCsBEi,Midterm1,tyuio,44,
VxX7KCsBEi,Assignment5,tyuio,47,
VxX7KCsBEi,Midterm2,tyuio,27,
VxX7KCsBEi,Final Project,tyuio,108,
VxX7KCsBEi,Bonus Quiz,tyuio,9,
VxX7KCsBEi,Final Exam,tyuio,58,
PiQvBSPut9,Assignment1,tyuio,70,
PiQvBSPut9,Assignment2,tyuio,91,
PiQvBSPut9,Assignment3,tyuio,66,
PiQvBSPut9,Assignment4,tyuio,67,
PiQvBSPut9,Midterm1,tyuio,30,
PiQvBSPut9,Assignment5,tyuio,56,
PiQvBSPut9,Midterm2,tyuio,26,
PiQvBSPut9,Final Project,tyuio,120,
PiQvBSPut9,Bonus Quiz,tyuio,6,
PiQvBSPut9,Final Exam,tyuio,53,
MvygDkC5GZ,Assignment1,tyuio,44,
MvygDkC5GZ,Assignment2,tyuio,71,
MvygDkC5GZ,Assignment3,tyuio,36,
MvygDkC5GZ,Assignment4,tyuio,76,
MvygDkC5GZ,Midterm1,tyuio,31,
MvygDkC5GZ,Assignment5,tyuio,71,
MvygDkC5GZ,Midterm2,tyuio,23,
MvygDkC5GZ,Final Project,tyuio,94,
MvygDkC5GZ,Bonus Quiz,tyuio,0,
MvygDkC5GZ,Final Exam,tyuio,84,
pSE2USVUGe,Assignment1,tyuio,73,
pSE2USVUGe,Assignment2,tyuio,52,
pSE2USVUGe,Assignment3,tyuio,88,
pSE2USVUGe,Assignment4,tyuio,67,
pSE2USVUGe,Midterm1,tyuio,36,
pSE2USVUGe,Assignment5,tyuio,53,
pSE2USVUGe,Midterm2,tyuio,34,
pSE2USVUGe,Final Project,tyuio,105,
pSE2USVUGe,Bonus Quiz,tyuio,4,
pSE2USVUGe,Final Exam,tyuio,77,
uZfhzJCf3Q,Assignment1,tyuio,30,
uZfhzJCf3Q,Assignment2,tyuio,86,
uZfhzJCf3Q,Assignment3,tyuio,48,
uZfhzJCf3Q,Assignment4,tyuio,64,
uZfhzJCf3Q,Midterm1,tyuio,38,
uZfhzJCf3Q,Assignment5,tyuio,32,
uZfhzJCf3Q,Midterm2,tyuio,48,
uZfhzJCf3Q,Final Project,tyuio,22,
uZfhzJCf3Q,Bonus Quiz,tyuio,4,
uZfhzJCf3Q,Final Exam,tyuio,99,
2ruNWPmicg,Assignment1,tyuio,29,
2ruNWPmicg,Assignment2,tyuio,94,
2ruNWPmicg,Assignment3,tyuio,49,
2ruNWPmicg,Assignment4,tyuio,77,
2ruNWPmicg,Midterm1,tyuio,58,
2ruNWPmicg,Assignment5,tyuio,56,
2ruNWPmicg,Midterm2,tyuio,23,
2ruNWPmicg,Final Project,tyuio,119,
2ruNWPmicg,Bonus Quiz,tyuio,9,
2ruNWPmicg,Final Exam,tyuio,37,
5xTn7laQAz,Assignment1,tyuio,57,
5xTn7laQAz,Assignment2,tyuio,36,
5xTn7laQAz,Assignment3,tyuio,41,
5xTn7laQAz,Assignment4,tyuio,25,
5xTn7laQAz,Midterm1,tyuio,27,
5xTn7laQAz,Assignment5,tyuio,42,
5xTn7laQAz,Midterm2,tyuio,28,
5xTn7laQAz,Final Project,tyuio,48,
5xTn7laQAz,Bonus Quiz,tyuio,7,
5xTn7laQAz,Final Exam,tyuio,92,
UPLEFa48ob,Assignment1,tyuio,29,
UPLEFa48ob,Assignment2,tyuio,91,
UPLEFa48ob,Assignment3,tyuio,88,
UPLEFa48ob,Assignment4,tyuio,62,
UPLEFa48ob,Midterm1,tyuio,46,
UPLEFa48ob,Assignment5,tyuio,50,
UPLEFa48ob,Midterm2,tyuio,39,
UPLEFa48ob,Final Project,tyuio,73,
UPLEFa48ob,Bonus Quiz,tyuio,10,
UPLEFa48ob,Final Exam,tyuio,20,
g0aGB2MNq6,Assignment1,tyuio,89,
g0aGB2MNq6,Assignment2,tyuio,47,
g0aGB2MNq6,Assignment3,tyuio,71,
g0aGB2MNq6,Assignment4,tyuio,56,
g0aGB2MNq6,Midterm1,tyuio,26,
g0aGB2MNq6,Assignment5,tyuio,79,
g0aGB2MNq6,Midterm2,tyuio,59,
g0aGB2MNq6,Final Project,tyuio,94,
g0aGB2MNq6,Bonus Quiz,tyuio,8,
g0aGB2MNq6,Final Exam,tyuio,63,
cp5asEx6KR,Assignment1,tyuio,61,
cp5asEx6KR,Assignment2,tyuio,70,
cp5asEx6KR,Assignment3,tyuio,93,
cp5asEx6KR,Assignment4,tyuio,75,
cp5asEx6KR,Midterm1,tyuio,29,
cp5asEx6KR,Assignment5,tyuio,23,
cp5asEx6KR,Midterm2,tyuio,26,
cp5asEx6KR,Final Project,tyuio,68,
cp5asEx6KR,Bonus Quiz,tyuio,7,
cp5asEx6KR,Final Exam,tyuio,85,
vMCwbZJ5UI,Assignment1,tyuio,61,
vMCwbZJ5UI,Assignment2,tyuio,70,
vMCwbZJ5UI,Assignment3,tyuio,93,
vMCwbZJ5UI,Assignment4,tyuio,75,
vMCwbZJ5UI,Midterm1,tyuio,29,
vMCwbZJ5UI,Assignment5,tyuio,23,
vMCwbZJ5UI,Midterm2,tyuio,26,
vMCwbZJ5UI,Final Project,tyuio,68,
vMCwbZJ5UI,Bonus Quiz,tyuio,7,
vMCwbZJ5UI,Final Exam,tyuio,85,
P80TDV5kec,Assignment1,tyuio,69,
P80TDV5kec,Assignment2,tyuio,100,
P80TDV5kec,Assignment3,tyuio,55,
P80TDV5kec,Assignment4,tyuio,64,
P80TDV5kec,Midterm1,tyuio,49,
P80TDV5kec,Assignment5,tyuio,30,
P80TDV5kec,Midterm2,tyuio,46,
P80TDV5kec,Final Project,tyuio,39,
P80TDV5kec,Bonus Quiz,tyuio,6,
P80TDV5kec,Final Exam,tyuio,77,
UX8dL9oWOH,Assignment1,tyuio,85,
UX8dL9oWOH,Assignment2,tyuio,62,
UX8dL9oWOH,Assignment3,tyuio,45,
UX8dL9oWOH,Assignment4,tyuio,97,
UX8dL9oWOH,Midterm1,tyuio,24,
UX8dL9oWOH,Assignment5,tyuio,46,
UX8dL9oWOH,Midterm2,tyuio,22,
UX8dL9oWOH,Final Project,tyuio,55,
UX8dL9oWOH,Bonus Quiz,tyuio,0,
UX8dL9oWOH,Final Exam,tyuio,49,
erGZXNCSa8,Assignment1,tyuio,39,
erGZXNCSa8,Assignment2,tyuio,35,
erGZXNCSa8,Assignment3,tyuio,71,
erGZXNCSa8,Assignment4,tyuio,22,
erGZXNCSa8,Midterm1,tyuio,34,
erGZXNCSa8,Assignment5,tyuio,78,
erGZXNCSa8,Midterm2,tyuio,35,
erGZXNCSa8,Final Project,tyuio,121,
erGZXNCSa8,Bonus Quiz,tyuio,2,
erGZXNCSa8,Final Exam,tyuio,91,
aKtF7xlCjK,Assignment1,tyuio,95,
aKtF7xlCjK,Assignment2,tyuio,71,
aKtF7xlCjK,Assignment3,tyuio,92,
aKtF7xlCjK,Assignment4,tyuio,26,
aKtF7xlCjK,Midterm1,tyuio,48,
aKtF7xlCjK,Assignment5,tyuio,58,
aKtF7xlCjK,Midterm2,tyuio,29,
aKtF7xlCjK,Final Project,tyuio,130,
aKtF7xlCjK,Bonus Quiz,tyuio,7,
aKtF7xlCjK,Final Exam,tyuio,37,
OcbMCqoATE,Assignment1,tyuio,35,
OcbMCqoATE,Assignment2,tyuio,93,
OcbMCqoATE,Assignment3,tyuio,59,
OcbMCqoATE,Assignment4,tyuio,56,
OcbMCqoATE,Midterm1,tyuio,34,
OcbMCqoATE,Assignment5,tyuio,23,
OcbMCqoATE,Midterm2,tyuio,60,
OcbMCqoATE,Final Project,tyuio,80,
OcbMCqoATE,Bonus Quiz,tyuio,0,
OcbMCqoATE,Final Exam,tyuio,71,
Ki437ImMiB,Assignment1,tyuio,96,
Ki437ImMiB,Assignment2,tyuio,99,
Ki437ImMiB,Assignment3,tyuio,56,
Ki437ImMiB,Assignment4,tyuio,65,
Ki437ImMiB,Midterm1,tyuio,25,
Ki437ImMiB,Assignment5,tyuio,58,
Ki437ImMiB,Midterm2,tyuio,54,
Ki437ImMiB,Final Project,tyuio,121,
Ki437ImMiB,Bonus Quiz,tyuio,0,
Ki437ImMiB,Final Exam,tyuio,95,
VkA4Ln4RP8,Assignment1,tyuio,99,
VkA4Ln4RP8,Assignment2,tyuio,79,
VkA4Ln4RP8,Assignment3,tyuio,30,
VkA4Ln4RP8,Assignment4,tyuio,23,
VkA4Ln4RP8,Midterm1,tyuio,46,
VkA4Ln4RP8,Assignment5,tyuio,58,
VkA4Ln4RP8,Midterm2,tyuio,42,
VkA4Ln4RP8,Final Project,tyuio,115,
VkA4Ln4RP8,Bonus Quiz,tyuio,1,
VkA4Ln4RP8,Final Exam,tyuio,76,
9mCMQL1myp,Assignment1,tyuio,37,
9mCMQL1myp,Assignment2,tyuio,92,
9mCMQL1myp,Assignment3,tyuio,47,
9mCMQL1myp,Assignment4,tyuio,24,
9mCMQL1myp,Midterm1,tyuio,54,
9mCMQL1myp,Assignment5,tyuio,84,
9mCMQL1myp,Midterm2,tyuio,26,
9mCMQL1myp,Final Project,tyuio,48,
9mCMQL1myp,Bonus Quiz,tyuio,1,
9mCMQL1myp,Final Exam,tyuio,46,
FGVfybCruk,Assignment1,tyuio,44,
FGVfybCruk,Assignment2,tyuio,28,
FGVfybCruk,Assignment3,tyuio,40,
FGVfybCruk,Assignment4,tyuio,99,
FGVfybCruk,Midterm1,tyuio,34,
FGVfybCruk,Assignment5,tyuio,21,
FGVfybCruk,Midterm2,tyuio,38,
FGVfybCruk,Final Project,tyuio,132,
FGVfybCruk,Bonus Quiz,tyuio,2,
FGVfybCruk,Final Exam,tyuio,41,
ybgAEICak2,Assignment1,tyuio,81,
ybgAEICak2,Assignment2,tyuio,29,
ybgAEICak2,Assignment3,tyuio,37,
ybgAEICak2,Assignment4,tyuio,85,
ybgAEICak2,Midterm1,tyuio,60,
ybgAEICak2,Assignment5,tyuio,84,
ybgAEICak2,Midterm2,tyuio,50,
ybgAEICak2,Final Project,tyuio,120,
ybgAEICak2,Bonus Quiz,tyuio,3,
ybgAEICak2,Final Exam,tyuio,29,
WJrWAidLZ5,Assignment1,vbnmi,93,
WJrWAidLZ5,Assignment2,vbnmi,86,
WJrWAidLZ5,Assignment3,vbnmi,90,
WJrWAidLZ5,Assignment4,vbnmi,74,
WJrWAidLZ5,Midterm,vbnmi,97,
WJrWAidLZ5,Final Exam,vbnmi,97,
tmt3aPs20s,Assignment1,vbnmi,67,
tmt3aPs20s,Assignment2,vbnmi,63,
tmt3aPs20s,Assignment3,vbnmi,60,
tmt3aPs20s,Assignment4,vbnmi,96,
tmt3aPs20s,Midterm,vbnmi,66,
tmt3aPs20s,Final Exam,vbnmi,144,
PiQvBSPut9,Assignment1,vbnmi,94,
PiQvBSPut9,Assignment2,vbnmi,70,
PiQvBSPut9,Assignment3,vbnmi,78,
PiQvBSPut9,Assignment4,vbnmi,59,
PiQvBSPut9,Midterm,vbnmi,71,
PiQvBSPut9,Final Exam,vbnmi,114,
pSE2USVUGe,Assignment1,vbnmi,53,
pSE2USVUGe,Assignment2,vbnmi,47,
pSE2USVUGe,Assignment3,vbnmi,96,
pSE2USVUGe,Assignment4,vbnmi,51,
pSE2USVUGe,Midterm,vbnmi,70,
pSE2USVUGe,Final Exam,vbnmi,85,
uZfhzJCf3Q,Assignment1,vbnmi,98,
uZfhzJCf3Q,Assignment2,vbnmi,46,
uZfhzJCf3Q,Assignment3,vbnmi,86,
uZfhzJCf3Q,Assignment4,vbnmi,47,
uZfhzJCf3Q,Midterm,vbnmi,55,
uZfhzJCf3Q,Final Exam,vbnmi,124,
2ruNWPmicg,Assignment1,vbnmi,83,
2ruNWPmicg,Assignment2,vbnmi,48,
2ruNWPmicg,Assignment3,vbnmi,66,
2ruNWPmicg,Assignment4,vbnmi,93,
2ruNWPmicg,Midterm,vbnmi,49,
2ruNWPmicg,Final Exam,vbnmi,98,
5xTn7laQAz,Assignment1,vbnmi,92,
5xTn7laQAz,Assignment2,vbnmi,54,
5xTn7laQAz,Assignment3,vbnmi,92,
5xTn7laQAz,Assignment4,vbnmi,46,
5xTn7laQAz,Midterm,vbnmi,95,
5xTn7laQAz,Final Exam,vbnmi,78,
UPLEFa48ob,Assignment1,vbnmi,90,
UPLEFa48ob,Assignment2,vbnmi,81,
UPLEFa48ob,Assignment3,vbnmi,86,
UPLEFa48ob,Assignment4,vbnmi,90,
UPLEFa48ob,Midterm,vbnmi,84,
UPLEFa48ob,Final Exam,vbnmi,99,
g0aGB2MNq6,Assignment1,vbnmi,79,
g0aGB2MNq6,Assignment2,vbnmi,69,
g0aGB2MNq6,Assignment3,vbnmi,82,
g0aGB2MNq6,Assignment4,vbnmi,45,
g0aGB2MNq6,Midterm,vbnmi,87,
g0aGB2MNq6,Final Exam,vbnmi,54,
vMCwbZJ5UI,Assignment1,vbnmi,69,
vMCwbZJ5UI,Assignment2,vbnmi,68,
vMCwbZJ5UI,Assignment3,vbnmi,99,
vMCwbZJ5UI,Assignment4,vbnmi,85,
vMCwbZJ5UI,Midterm,vbnmi,93,
vMCwbZJ5UI,Final Exam,vbnmi,77,
P80TDV5kec,Assignment1,vbnmi,80,
P80TDV5kec,Assignment2,vbnmi,57,
P80TDV5kec,Assignment3,vbnmi,53,
P80TDV5kec,Assignment4,vbnmi,56,
P80TDV5kec,Midterm,vbnmi,67,
P80TDV5kec,Final Exam,vbnmi,142,
UX8dL9oWOH,Assignment1,vbnmi,59,
UX8dL9oWOH,Assignment2,vbnmi,83,
UX8dL9oWOH,Assignment3,vbnmi,74,
UX8dL9oWOH,Assignment4,vbnmi,62,
UX8dL9oWOH,Midterm,vbnmi,56,
UX8dL9oWOH,Final Exam,vbnmi,114,
erGZXNCSa8,Assignment1,vbnmi,69,
erGZXNCSa8,Assignment2,vbnmi,49,
erGZXNCSa8,Assignment3,vbnmi,90,
erGZXNCSa8,Assignment4,vbnmi,86,
erGZXNCSa8,Midterm,vbnmi,68,
erGZXNCSa8,Final Exam,vbnmi,109,
aKtF7xlCj,Assignment1,vbnmi,99,
aKtF7xlCj,Assignment2,vbnmi,93,
aKtF7xlCj,Assignment3,vbnmi,91,
aKtF7xlCj,Assignment4,vbnmi,47,
aKtF7xlCj,Midterm,vbnmi,63,
aKtF7xlCj,Final Exam,vbnmi,142,
OcbMCqoATE,Assignment1,vbnmi,47,
OcbMCqoATE,Assignment2,vbnmi,78,
OcbMCqoATE,Assignment3,vbnmi,92,
OcbMCqoATE,Assignment4,vbnmi,77,
OcbMCqoATE,Midterm,vbnmi,82,
OcbMCqoATE,Final Exam,vbnmi,57,
Ki437ImMiB,Assignment1,vbnmi,67,
Ki437ImMiB,Assignment2,vbnmi,53,
Ki437ImMiB,Assignment3,vbnmi,83,
Ki437ImMiB,Assignment4,vbnmi,62,
Ki437ImMiB,Midterm,vbnmi,51,
Ki437ImMiB,Final Exam,vbnmi,95,
VkA4Ln4RP8,Assignment1,vbnmi,92,
VkA4Ln4RP8,Assignment2,vbnmi,70,
VkA4Ln4RP8,Assignment3,vbnmi,52,
VkA4Ln4RP8,Assignment4,vbnmi,93,
VkA4Ln4RP8,Midterm,vbnmi,65,
VkA4Ln4RP8,Final Exam,vbnmi,135,
Vv5mvmR93y,Assignment1,vbnmi,89,
Vv5mvmR93y,Assignment2,vbnmi,87,
Vv5mvmR93y,Assignment3,vbnmi,79,
Vv5mvmR93y,Assignment4,vbnmi,87,
Vv5mvmR93y,Midterm,vbnmi,59,
Vv5mvmR93y,Final Exam,vbnmi,61,
9mCMQL1myp,Assignment1,vbnmi,63,
9mCMQL1myp,Assignment2,vbnmi,73,
9mCMQL1myp,Assignment3,vbnmi,97,
9mCMQL1myp,Assignment4,vbnmi,48,
9mCMQL1myp,Midterm,vbnmi,72,
9mCMQL1myp,Final Exam,vbnmi,81,
8uv1aK9btU,Project1,dfghj,65,
8uv1aK9btU,Project2,dfghj,99,
8uv1aK9btU,Midterm,dfghj,26,
8uv1aK9btU,Project3,dfghj,98,
8uv1aK9btU,Project4,dfghj,91,
8uv1aK9btU,Project5,dfghj,70,
8uv1aK9btU,Final Exam,dfghj,83,
cp5asEx6KR,Project1,dfghj,97,
cp5asEx6KR,Project2,dfghj,86,
cp5asEx6KR,Midterm,dfghj,48,
cp5asEx6KR,Project3,dfghj,69,
cp5asEx6KR,Project4,dfghj,97,
cp5asEx6KR,Project5,dfghj,96,
cp5asEx6KR,Final Exam,dfghj,78,
RxNqRHaaoI,Project1,dfghj,98,
RxNqRHaaoI,Project2,dfghj,85,
RxNqRHaaoI,Midterm,dfghj,35,
RxNqRHaaoI,Project3,dfghj,67,
RxNqRHaaoI,Project4,dfghj,53,
RxNqRHaaoI,Project5,dfghj,58,
RxNqRHaaoI,Final Exam,dfghj,44,
AnRRwDoMFm,Project1,dfghj,91,
AnRRwDoMFm,Project2,dfghj,71,
AnRRwDoMFm,Midterm,dfghj,20,
AnRRwDoMFm,Project3,dfghj,95,
AnRRwDoMFm,Project4,dfghj,50,
AnRRwDoMFm,Project5,dfghj,94,
AnRRwDoMFm,Final Exam,dfghj,89,
RwKSObZt8b,Project1,dfghj,96,
RwKSObZt8b,Project2,dfghj,60,
RwKSObZt8b,Midterm,dfghj,44,
RwKSObZt8b,Project3,dfghj,82,
RwKSObZt8b,Project4,dfghj,60,
RwKSObZt8b,Project5,dfghj,77,
RwKSObZt8b,Final Exam,dfghj,95,
QVsfnLS8nP,Project1,dfghj,96,
QVsfnLS8nP,Project2,dfghj,71,
QVsfnLS8nP,Midterm,dfghj,29,
QVsfnLS8nP,Project3,dfghj,92,
QVsfnLS8nP,Project4,dfghj,99,
QVsfnLS8nP,Project5,dfghj,93,
QVsfnLS8nP,Final Exam,dfghj,119,
piajOfWMIT,Project1,dfghj,61,
piajOfWMIT,Project2,dfghj,68,
piajOfWMIT,Midterm,dfghj,27,
piajOfWMIT,Project3,dfghj,86,
piajOfWMIT,Project4,dfghj,99,
piajOfWMIT,Project5,dfghj,93,
piajOfWMIT,Final Exam,dfghj,109,
lKOmgoDP5M,Project1,dfghj,82,
lKOmgoDP5M,Project2,dfghj,84,
lKOmgoDP5M,Midterm,dfghj,30,
lKOmgoDP5M,Project3,dfghj,71,
lKOmgoDP5M,Project4,dfghj,50,
lKOmgoDP5M,Project5,dfghj,46,
lKOmgoDP5M,Final Exam,dfghj,66,
xrWlqSyLPV,Project1,dfghj,99,
xrWlqSyLPV,Project2,dfghj,98,
xrWlqSyLPV,Midterm,dfghj,38,
xrWlqSyLPV,Project3,dfghj,100,
xrWlqSyLPV,Project4,dfghj,72,
xrWlqSyLPV,Project5,dfghj,56,
xrWlqSyLPV,Final Exam,dfghj,68,
k4hG2bKBi2,Project1,dfghj,47,
k4hG2bKBi2,Project2,dfghj,90,
k4hG2bKBi2,Midterm,dfghj,45,
k4hG2bKBi2,Project3,dfghj,72,
k4hG2bKBi2,Project4,dfghj,89,
k4hG2bKBi2,Project5,dfghj,47,
k4hG2bKBi2,Final Exam,dfghj,64,
OhfDW5FQet,Project1,dfghj,79,
OhfDW5FQet,Project2,dfghj,77,
OhfDW5FQet,Midterm,dfghj,27,
OhfDW5FQet,Project3,dfghj,84,
OhfDW5FQet,Project4,dfghj,61,
OhfDW5FQet,Project5,dfghj,87,
OhfDW5FQet,Final Exam,dfghj,90,
0Bb2zMzQAL,Project1,dfghj,84,
0Bb2zMzQAL,Project2,dfghj,69,
0Bb2zMzQAL,Midterm,dfghj,10,
0Bb2zMzQAL,Project3,dfghj,61,
0Bb2zMzQAL,Project4,dfghj,89,
0Bb2zMzQAL,Project5,dfghj,85,
0Bb2zMzQAL,Final Exam,dfghj,99,
qjAClhRo8T,Project1,dfghj,86,
qjAClhRo8T,Project2,dfghj,66,
qjAClhRo8T,Midterm,dfghj,16,
qjAClhRo8T,Project3,dfghj,60,
qjAClhRo8T,Project4,dfghj,75,
qjAClhRo8T,Project5,dfghj,92,
qjAClhRo8T,Final Exam,dfghj,81,
MMNPTkNHZg,Project1,dfghj,100,
MMNPTkNHZg,Project2,dfghj,100,
MMNPTkNHZg,Midterm,dfghj,43,
MMNPTkNHZg,Project3,dfghj,74,
MMNPTkNHZg,Project4,dfghj,78,
MMNPTkNHZg,Project5,dfghj,62,
MMNPTkNHZg,Final Exam,dfghj,71,
v9ksRoAENe,Project1,dfghj,95,
v9ksRoAENe,Project2,dfghj,81,
v9ksRoAENe,Midterm,dfghj,36,
v9ksRoAENe,Project3,dfghj,49,
v9ksRoAENe,Project4,dfghj,93,
v9ksRoAENe,Project5,dfghj,64,
v9ksRoAENe,Final Exam,dfghj,77,
I8k5HwpLlU,Project1,dfghj,71,
I8k5HwpLlU,Project2,dfghj,87,
I8k5HwpLlU,Midterm,dfghj,21,
I8k5HwpLlU,Project3,dfghj,91,
I8k5HwpLlU,Project4,dfghj,92,
I8k5HwpLlU,Project5,dfghj,69,
I8k5HwpLlU,Final Exam,dfghj,76,
pAA8hhbaAf,Project1,dfghj,45,
pAA8hhbaAf,Project2,dfghj,75,
pAA8hhbaAf,Midterm,dfghj,7,
pAA8hhbaAf,Project3,dfghj,99,
pAA8hhbaAf,Project4,dfghj,71,
pAA8hhbaAf,Project5,dfghj,92,
pAA8hhbaAf,Final Exam,dfghj,88,
kJQAvxlegv,Project1,dfghj,94,
kJQAvxlegv,Project2,dfghj,56,
kJQAvxlegv,Midterm,dfghj,19,
kJQAvxlegv,Project3,dfghj,100,
kJQAvxlegv,Project4,dfghj,87,
kJQAvxlegv,Project5,dfghj,94,
kJQAvxlegv,Final Exam,dfghj,115,
l8Ck5AEii7,Project1,dfghj,55,
l8Ck5AEii7,Project2,dfghj,65,
l8Ck5AEii7,Midterm,dfghj,48,
l8Ck5AEii7,Project3,dfghj,87,
l8Ck5AEii7,Project4,dfghj,67,
l8Ck5AEii7,Project5,dfghj,95,
l8Ck5AEii7,Final Exam,dfghj,110,
EIBGkZJ8LU,Project1,dfghj,50,
EIBGkZJ8LU,Project2,dfghj,96,
EIBGkZJ8LU,Midterm,dfghj,49,
EIBGkZJ8LU,Project3,dfghj,64,
EIBGkZJ8LU,Project4,dfghj,46,
EIBGkZJ8LU,Project5,dfghj,91,
EIBGkZJ8LU,Final Exam,dfghj,120,
WVztzxaqG1,Project1,dfghj,57,
WVztzxaqG1,Project2,dfghj,79,
WVztzxaqG1,Midterm,dfghj,33,
WVztzxaqG1,Project3,dfghj,77,
WVztzxaqG1,Project4,dfghj,51,
WVztzxaqG1,Project5,dfghj,63,
WVztzxaqG1,Final Exam,dfghj,110,
nlNo3Ifie2,Project1,dfghj,88,
nlNo3Ifie2,Project2,dfghj,71,
nlNo3Ifie2,Midterm,dfghj,6,
nlNo3Ifie2,Project3,dfghj,81,
nlNo3Ifie2,Project4,dfghj,88,
nlNo3Ifie2,Project5,dfghj,80,
nlNo3Ifie2,Final Exam,dfghj,73,
fe20lUruvB,Project1,dfghj,78,
fe20lUruvB,Project2,dfghj,55,
fe20lUruvB,Midterm,dfghj,8,
fe20lUruvB,Project3,dfghj,50,
fe20lUruvB,Project4,dfghj,65,
fe20lUruvB,Project5,dfghj,47,
fe20lUruvB,Final Exam,dfghj,115,
q24FfeogSR,Project1,dfghj,75,
q24FfeogSR,Project2,dfghj,98,
q24FfeogSR,Midterm,dfghj,32,
q24FfeogSR,Project3,dfghj,56,
q24FfeogSR,Project4,dfghj,86,
q24FfeogSR,Project5,dfghj,53,
q24FfeogSR,Final Exam,dfghj,108,
1aRjlUAYpO,Project1,dfghj,68,
1aRjlUAYpO,Project2,dfghj,76,
1aRjlUAYpO,Midterm,dfghj,47,
1aRjlUAYpO,Project3,dfghj,88,
1aRjlUAYpO,Project4,dfghj,79,
1aRjlUAYpO,Project5,dfghj,68,
1aRjlUAYpO,Final Exam,dfghj,100,
WUMHFJy3AG,Project1,dfghj,51,
WUMHFJy3AG,Project2,dfghj,93,
WUMHFJy3AG,Midterm,dfghj,8,
WUMHFJy3AG,Project3,dfghj,85,
WUMHFJy3AG,Project4,dfghj,75,
WUMHFJy3AG,Project5,dfghj,48,
WUMHFJy3AG,Final Exam,dfghj,119,
ujARr06uDs,Project1,dfghj,51,
ujARr06uDs,Project2,dfghj,97,
ujARr06uDs,Midterm,dfghj,22,
ujARr06uDs,Project3,dfghj,80,
ujARr06uDs,Project4,dfghj,57,
ujARr06uDs,Project5,dfghj,85,
ujARr06uDs,Final Exam,dfghj,114,
RtDWbzvtoo,Project1,dfghj,64,
RtDWbzvtoo,Project2,dfghj,55,
RtDWbzvtoo,Midterm,dfghj,50,
RtDWbzvtoo,Project3,dfghj,78,
RtDWbzvtoo,Project4,dfghj,89,
RtDWbzvtoo,Project5,dfghj,46,
RtDWbzvtoo,Final Exam,dfghj,80,
bCSKEQsp82,Project1,dfghj,98,
bCSKEQsp82,Project2,dfghj,60,
bCSKEQsp82,Midterm,dfghj,9,
bCSKEQsp82,Project3,dfghj,56,
bCSKEQsp82,Project4,dfghj,72,
bCSKEQsp82,Project5,dfghj,54,
bCSKEQsp82,Final Exam,dfghj,79,
xshALL98rR,Assignment1,567yj,80,
xshALL98rR,Assignment2,567yj,63,
xshALL98rR,Assignment3,567yj,67,
xshALL98rR,Assignment4,567yj,89,
xshALL98rR,Midterm,567yj,98,
xshALL98rR,Final Exam,567yj,103,
8uv1aK9btU,Assignment1,567yj,84,
8uv1aK9btU,Assignment2,567yj,88,
8uv1aK9btU,Assignment3,567yj,94,
8uv1aK9btU,Assignment4,567yj,76,
8uv1aK9btU,Midterm,567yj,62,
8uv1aK9btU,Final Exam,567yj,114,
cp5asEx6KR,Assignment1,567yj,69,
cp5asEx6KR,Assignment2,567yj,70,
cp5asEx6KR,Assignment3,567yj,100,
cp5asEx6KR,Assignment4,567yj,89,
cp5asEx6KR,Midterm,567yj,77,
cp5asEx6KR,Final Exam,567yj,116,
RxNqRHaaoI,Assignment1,567yj,77,
RxNqRHaaoI,Assignment2,567yj,63,
RxNqRHaaoI,Assignment3,567yj,79,
RxNqRHaaoI,Assignment4,567yj,94,
RxNqRHaaoI,Midterm,567yj,86,
RxNqRHaaoI,Final Exam,567yj,134,
AnRRwDoMFm,Assignment1,567yj,77,
AnRRwDoMFm,Assignment2,567yj,65,
AnRRwDoMFm,Assignment3,567yj,85,
AnRRwDoMFm,Assignment4,567yj,62,
AnRRwDoMFm,Midterm,567yj,93,
AnRRwDoMFm,Final Exam,567yj,123,
RwKSObZt8b,Assignment1,567yj,80,
RwKSObZt8b,Assignment2,567yj,99,
RwKSObZt8b,Assignment3,567yj,100,
RwKSObZt8b,Assignment4,567yj,73,
RwKSObZt8b,Midterm,567yj,93,
RwKSObZt8b,Final Exam,567yj,120,
QVsfnLS8nP,Assignment1,567yj,61,
QVsfnLS8nP,Assignment2,567yj,70,
QVsfnLS8nP,Assignment3,567yj,80,
QVsfnLS8nP,Assignment4,567yj,82,
QVsfnLS8nP,Midterm,567yj,54,
QVsfnLS8nP,Final Exam,567yj,67,
qjAClhRo8T,Assignment1,567yj,47,
qjAClhRo8T,Assignment2,567yj,58,
qjAClhRo8T,Assignment3,567yj,76,
qjAClhRo8T,Assignment4,567yj,62,
qjAClhRo8T,Midterm,567yj,46,
qjAClhRo8T,Final Exam,567yj,93,
MMNPTkNHZg,Assignment1,567yj,71,
MMNPTkNHZg,Assignment2,567yj,74,
MMNPTkNHZg,Assignment3,567yj,59,
MMNPTkNHZg,Assignment4,567yj,60,
MMNPTkNHZg,Midterm,567yj,58,
MMNPTkNHZg,Final Exam,567yj,132,
v9ksRoAENe,Assignment1,567yj,90,
v9ksRoAENe,Assignment2,567yj,81,
v9ksRoAENe,Assignment3,567yj,90,
v9ksRoAENe,Assignment4,567yj,79,
v9ksRoAENe,Midterm,567yj,84,
v9ksRoAENe,Final Exam,567yj,116,
I8k5HwpLlU,Assignment1,567yj,91,
I8k5HwpLlU,Assignment2,567yj,65,
I8k5HwpLlU,Assignment3,567yj,51,
I8k5HwpLlU,Assignment4,567yj,67,
I8k5HwpLlU,Midterm,567yj,81,
I8k5HwpLlU,Final Exam,567yj,52,
pAA8hhbaAf,Assignment1,567yj,48,
pAA8hhbaAf,Assignment2,567yj,90,
pAA8hhbaAf,Assignment3,567yj,49,
pAA8hhbaAf,Assignment4,567yj,59,
pAA8hhbaAf,Midterm,567yj,81,
pAA8hhbaAf,Final Exam,567yj,115,
kJQAvxlegv,Assignment1,567yj,69,
kJQAvxlegv,Assignment2,567yj,78,
kJQAvxlegv,Assignment3,567yj,72,
kJQAvxlegv,Assignment4,567yj,73,
kJQAvxlegv,Midterm,567yj,74,
kJQAvxlegv,Final Exam,567yj,68,
l8Ck5AEii7,Assignment1,567yj,46,
l8Ck5AEii7,Assignment2,567yj,88,
l8Ck5AEii7,Assignment3,567yj,49,
l8Ck5AEii7,Assignment4,567yj,60,
l8Ck5AEii7,Midterm,567yj,62,
l8Ck5AEii7,Final Exam,567yj,84,
EIBGkZJ8LU,Assignment1,567yj,65,
EIBGkZJ8LU,Assignment2,567yj,96,
EIBGkZJ8LU,Assignment3,567yj,89,
EIBGkZJ8LU,Assignment4,567yj,76,
EIBGkZJ8LU,Midterm,567yj,45,
EIBGkZJ8LU,Final Exam,567yj,91,
WVztzxaqG1,Assignment1,567yj,51,
WVztzxaqG1,Assignment2,567yj,78,
WVztzxaqG1,Assignment3,567yj,98,
WVztzxaqG1,Assignment4,567yj,59,
WVztzxaqG1,Midterm,567yj,95,
WVztzxaqG1,Final Exam,567yj,109,
nlNo3Ifie2,Assignment1,567yj,96,
nlNo3Ifie2,Assignment2,567yj,78,
nlNo3Ifie2,Assignment3,567yj,74,
nlNo3Ifie2,Assignment4,567yj,72,
nlNo3Ifie2,Midterm,567yj,96,
nlNo3Ifie2,Final Exam,567yj,146,
fe20lUruvB,Assignment1,567yj,75,
fe20lUruvB,Assignment2,567yj,94,
fe20lUruvB,Assignment3,567yj,48,
fe20lUruvB,Assignment4,567yj,70,
fe20lUruvB,Midterm,567yj,62,
fe20lUruvB,Final Exam,567yj,101,
k4hG2bKBi2,Assignment1,567yj,69,
k4hG2bKBi2,Assignment2,567yj,85,
k4hG2bKBi2,Assignment3,567yj,68,
k4hG2bKBi2,Assignment4,567yj,57,
k4hG2bKBi2,Midterm,567yj,78,
k4hG2bKBi2,Final Exam,567yj,57,
OhfDW5FQet,Assignment1,567yj,96,
OhfDW5FQet,Assignment2,567yj,96,
OhfDW5FQet,Assignment3,567yj,79,
OhfDW5FQet,Assignment4,567yj,80,
OhfDW5FQet,Midterm,567yj,68,
OhfDW5FQet,Final Exam,567yj,105,
qBhsb9AT1D,Assignment1,rtgbn,73,
qBhsb9AT1D,Assignment2,rtgbn,73,
qBhsb9AT1D,Assignment3,rtgbn,97,
qBhsb9AT1D,Midterm,rtgbn,30,
qBhsb9AT1D,Assignment4,rtgbn,82,
qBhsb9AT1D,Assignment5,rtgbn,,
qBhsb9AT1D,Assignment6,rtgbn,,
qBhsb9AT1D,Final Exam,rtgbn,,
wUSNkrt2i7,Assignment1,rtgbn,63,
wUSNkrt2i7,Assignment2,rtgbn,72,
wUSNkrt2i7,Assignment3,rtgbn,77,
wUSNkrt2i7,Midterm,rtgbn,42,
wUSNkrt2i7,Assignment4,rtgbn,50,
wUSNkrt2i7,Assignment5,rtgbn,,
wUSNkrt2i7,Assignment6,rtgbn,,
wUSNkrt2i7,Final Exam,rtgbn,,
YXCMIivcy6,Assignment1,rtgbn,85,
YXCMIivcy6,Assignment2,rtgbn,70,
YXCMIivcy6,Assignment3,rtgbn,97,
YXCMIivcy6,Midterm,rtgbn,28,
YXCMIivcy6,Assignment4,rtgbn,61,
YXCMIivcy6,Assignment5,rtgbn,,
YXCMIivcy6,Assignment6,rtgbn,,
YXCMIivcy6,Final Exam,rtgbn,,
loWO7ep40W,Assignment1,rtgbn,78,
loWO7ep40W,Assignment2,rtgbn,84,
loWO7ep40W,Assignment3,rtgbn,96,
loWO7ep40W,Midterm,rtgbn,52,
loWO7ep40W,Assignment4,rtgbn,65,
loWO7ep40W,Assignment5,rtgbn,,
loWO7ep40W,Assignment6,rtgbn,,
loWO7ep40W,Final Exam,rtgbn,,
AyZm6kgtLQ,Assignment1,rtgbn,67,
AyZm6kgtLQ,Assignment2,rtgbn,78,
AyZm6kgtLQ,Assignment3,rtgbn,89,
AyZm6kgtLQ,Midterm,rtgbn,49,
AyZm6kgtLQ,Assignment4,rtgbn,67,
AyZm6kgtLQ,Assignment5,rtgbn,,
AyZm6kgtLQ,Assignment6,rtgbn,,
AyZm6kgtLQ,Final Exam,rtgbn,,
RCkC4TjYNZ,Assignment1,rtgbn,87,
RCkC4TjYNZ,Assignment2,rtgbn,83,
RCkC4TjYNZ,Assignment3,rtgbn,92,
RCkC4TjYNZ,Midterm,rtgbn,28,
RCkC4TjYNZ,Assignment4,rtgbn,50,
RCkC4TjYNZ,Assignment5,rtgbn,,
RCkC4TjYNZ,Assignment6,rtgbn,,
RCkC4TjYNZ,Final Exam,rtgbn,,
SGDgfAoZn8,Assignment1,rtgbn,90,
SGDgfAoZn8,Assignment2,rtgbn,82,
SGDgfAoZn8,Assignment3,rtgbn,97,
SGDgfAoZn8,Midterm,rtgbn,59,
SGDgfAoZn8,Assignment4,rtgbn,43,
SGDgfAoZn8,Assignment5,rtgbn,,
SGDgfAoZn8,Assignment6,rtgbn,,
SGDgfAoZn8,Final Exam,rtgbn,,
UuUxEvmxXO,Assignment1,rtgbn,75,
UuUxEvmxXO,Assignment2,rtgbn,52,
UuUxEvmxXO,Assignment3,rtgbn,95,
UuUxEvmxXO,Midterm,rtgbn,56,
UuUxEvmxXO,Assignment4,rtgbn,76,
UuUxEvmxXO,Assignment5,rtgbn,,
UuUxEvmxXO,Assignment6,rtgbn,,
UuUxEvmxXO,Final Exam,rtgbn,,
9wHtriXf8s,Assignment1,rtgbn,73,
9wHtriXf8s,Assignment2,rtgbn,83,
9wHtriXf8s,Assignment3,rtgbn,89,
9wHtriXf8s,Midterm,rtgbn,22,
9wHtriXf8s,Assignment4,rtgbn,46,
9wHtriXf8s,Assignment5,rtgbn,,
9wHtriXf8s,Assignment6,rtgbn,,
9wHtriXf8s,Final Exam,rtgbn,,
j3BjhOJA0K,Assignment1,rtgbn,92,
j3BjhOJA0K,Assignment2,rtgbn,66,
j3BjhOJA0K,Assignment3,rtgbn,65,
j3BjhOJA0K,Midterm,rtgbn,34,
j3BjhOJA0K,Assignment4,rtgbn,43,
j3BjhOJA0K,Assignment5,rtgbn,,
j3BjhOJA0K,Assignment6,rtgbn,,
j3BjhOJA0K,Final Exam,rtgbn,,
77JVECgA9Y,Assignment1,rtgbn,82,
77JVECgA9Y,Assignment2,rtgbn,57,
77JVECgA9Y,Assignment3,rtgbn,74,
77JVECgA9Y,Midterm,rtgbn,34,
77JVECgA9Y,Assignment4,rtgbn,60,
77JVECgA9Y,Assignment5,rtgbn,,
77JVECgA9Y,Assignment6,rtgbn,,
77JVECgA9Y,Final Exam,rtgbn,,
LRH33DL7sR,Assignment1,rtgbn,63,
LRH33DL7sR,Assignment2,rtgbn,70,
LRH33DL7sR,Assignment3,rtgbn,54,
LRH33DL7sR,Midterm,rtgbn,29,
LRH33DL7sR,Assignment4,rtgbn,43,
LRH33DL7sR,Assignment5,rtgbn,,
LRH33DL7sR,Assignment6,rtgbn,,
LRH33DL7sR,Final Exam,rtgbn,,
82rggZxf5c,Assignment1,rtgbn,67,
82rggZxf5c,Assignment2,rtgbn,61,
82rggZxf5c,Assignment3,rtgbn,49,
82rggZxf5c,Midterm,rtgbn,42,
82rggZxf5c,Assignment4,rtgbn,68,
82rggZxf5c,Assignment5,rtgbn,,
82rggZxf5c,Assignment6,rtgbn,,
82rggZxf5c,Final Exam,rtgbn,,
ffD2jzc574,Assignment1,rtgbn,81,
ffD2jzc574,Assignment2,rtgbn,51,
ffD2jzc574,Assignment3,rtgbn,55,
ffD2jzc574,Midterm,rtgbn,46,
ffD2jzc574,Assignment4,rtgbn,80,
ffD2jzc574,Assignment5,rtgbn,,
ffD2jzc574,Assignment6,rtgbn,,
ffD2jzc574,Final Exam,rtgbn,,
zMdmtuvTDn,Assignment1,rtgbn,67,
zMdmtuvTDn,Assignment2,rtgbn,69,
zMdmtuvTDn,Assignment3,rtgbn,85,
zMdmtuvTDn,Midterm,rtgbn,43,
zMdmtuvTDn,Assignment4,rtgbn,70,
zMdmtuvTDn,Assignment5,rtgbn,,
zMdmtuvTDn,Assignment6,rtgbn,,
zMdmtuvTDn,Final Exam,rtgbn,,
4RygfhpS1h,Assignment1,rtgbn,78,
4RygfhpS1h,Assignment2,rtgbn,50,
4RygfhpS1h,Assignment3,rtgbn,68,
4RygfhpS1h,Midterm,rtgbn,28,
4RygfhpS1h,Assignment4,rtgbn,87,
4RygfhpS1h,Assignment5,rtgbn,,
4RygfhpS1h,Assignment6,rtgbn,,
4RygfhpS1h,Final Exam,rtgbn,,
WW56HAP2R1,Assignment1,rtgbn,99,
WW56HAP2R1,Assignment2,rtgbn,76,
WW56HAP2R1,Assignment3,rtgbn,45,
WW56HAP2R1,Midterm,rtgbn,24,
WW56HAP2R1,Assignment4,rtgbn,31,
WW56HAP2R1,Assignment5,rtgbn,,
WW56HAP2R1,Assignment6,rtgbn,,
WW56HAP2R1,Final Exam,rtgbn,,
Sx6sqg2Av5,Assignment1,rtgbn,96,
Sx6sqg2Av5,Assignment2,rtgbn,50,
Sx6sqg2Av5,Assignment3,rtgbn,46,
Sx6sqg2Av5,Midterm,rtgbn,56,
Sx6sqg2Av5,Assignment4,rtgbn,89,
Sx6sqg2Av5,Assignment5,rtgbn,,
Sx6sqg2Av5,Assignment6,rtgbn,,
Sx6sqg2Av5,Final Exam,rtgbn,,
Oojd410rxz,Assignment1,rtgbn,79,
Oojd410rxz,Assignment2,rtgbn,95,
Oojd410rxz,Assignment3,rtgbn,69,
Oojd410rxz,Midterm,rtgbn,50,
Oojd410rxz,Assignment4,rtgbn,81,
Oojd410rxz,Assignment5,rtgbn,,
Oojd410rxz,Assignment6,rtgbn,,
Oojd410rxz,Final Exam,rtgbn,,
bSZa17FK2l,Assignment1,ojhbv,67,
bSZa17FK2l,Assignment2,ojhbv,97,
bSZa17FK2l,Assignment3,ojhbv,89,
bSZa17FK2l,Midterm,ojhbv,89,
bSZa17FK2l,Assignment4,ojhbv,94,
bSZa17FK2l,Assignment5,ojhbv,,
bSZa17FK2l,Assignment6,ojhbv,,
bSZa17FK2l,Final Exam,ojhbv,,
A3mMrNEFsy,Assignment1,ojhbv,62,
A3mMrNEFsy,Assignment2,ojhbv,75,
A3mMrNEFsy,Assignment3,ojhbv,68,
A3mMrNEFsy,Midterm,ojhbv,58,
A3mMrNEFsy,Assignment4,ojhbv,56,
A3mMrNEFsy,Assignment5,ojhbv,,
A3mMrNEFsy,Assignment6,ojhbv,,
A3mMrNEFsy,Final Exam,ojhbv,,
ize3lkeNiR,Assignment1,ojhbv,71,
ize3lkeNiR,Assignment2,ojhbv,86,
ize3lkeNiR,Assignment3,ojhbv,94,
ize3lkeNiR,Midterm,ojhbv,86,
ize3lkeNiR,Assignment4,ojhbv,92,
ize3lkeNiR,Assignment5,ojhbv,,
ize3lkeNiR,Assignment6,ojhbv,,
ize3lkeNiR,Final Exam,ojhbv,,
fk7USWbA60,Assignment1,ojhbv,75,
fk7USWbA60,Assignment2,ojhbv,93,
fk7USWbA60,Assignment3,ojhbv,87,
fk7USWbA60,Midterm,ojhbv,63,
fk7USWbA60,Assignment4,ojhbv,83,
fk7USWbA60,Assignment5,ojhbv,,
fk7USWbA60,Assignment6,ojhbv,,
fk7USWbA60,Final Exam,ojhbv,,
Xo3aGKAsfE,Assignment1,ojhbv,98,
Xo3aGKAsfE,Assignment2,ojhbv,99,
Xo3aGKAsfE,Assignment3,ojhbv,67,
Xo3aGKAsfE,Midterm,ojhbv,65,
Xo3aGKAsfE,Assignment4,ojhbv,85,
Xo3aGKAsfE,Assignment5,ojhbv,,
Xo3aGKAsfE,Assignment6,ojhbv,,
Xo3aGKAsfE,Final Exam,ojhbv,,
q24FfeogSR,Assignment1,ojhbv,98,
q24FfeogSR,Assignment2,ojhbv,86,
q24FfeogSR,Assignment3,ojhbv,87,
q24FfeogSR,Midterm,ojhbv,45,
q24FfeogSR,Assignment4,ojhbv,40,
q24FfeogSR,Assignment5,ojhbv,,
q24FfeogSR,Assignment6,ojhbv,,
q24FfeogSR,Final Exam,ojhbv,,
1aRjlUAYpO,Assignment1,ojhbv,98,
1aRjlUAYpO,Assignment2,ojhbv,30,
1aRjlUAYpO,Assignment3,ojhbv,52,
1aRjlUAYpO,Midterm,ojhbv,79,
1aRjlUAYpO,Assignment4,ojhbv,67,
1aRjlUAYpO,Assignment5,ojhbv,,
1aRjlUAYpO,Assignment6,ojhbv,,
1aRjlUAYpO,Final Exam,ojhbv,,
WUMHFJy3AG,Assignment1,ojhbv,98,
WUMHFJy3AG,Assignment2,ojhbv,41,
WUMHFJy3AG,Assignment3,ojhbv,45,
WUMHFJy3AG,Midterm,ojhbv,38,
WUMHFJy3AG,Assignment4,ojhbv,93,
WUMHFJy3AG,Assignment5,ojhbv,,
WUMHFJy3AG,Assignment6,ojhbv,,
WUMHFJy3AG,Final Exam,ojhbv,,
ujARr06uDs,Assignment1,ojhbv,98,
ujARr06uDs,Assignment2,ojhbv,91,
ujARr06uDs,Assignment3,ojhbv,66,
ujARr06uDs,Midterm,ojhbv,88,
ujARr06uDs,Assignment4,ojhbv,92,
ujARr06uDs,Assignment5,ojhbv,,
ujARr06uDs,Assignment6,ojhbv,,
ujARr06uDs,Final Exam,ojhbv,,
RtDWbzvtoo,Assignment1,ojhbv,98,
RtDWbzvtoo,Assignment2,ojhbv,34,
RtDWbzvtoo,Assignment3,ojhbv,46,
RtDWbzvtoo,Midterm,ojhbv,100,
RtDWbzvtoo,Assignment4,ojhbv,60,
RtDWbzvtoo,Assignment5,ojhbv,,
RtDWbzvtoo,Assignment6,ojhbv,,
RtDWbzvtoo,Final Exam,ojhbv,,
bCSKEQsp82,Assignment1,ojhbv,98,
bCSKEQsp82,Assignment2,ojhbv,68,
bCSKEQsp82,Assignment3,ojhbv,98,
bCSKEQsp82,Midterm,ojhbv,55,
bCSKEQsp82,Assignment4,ojhbv,60,
bCSKEQsp82,Assignment5,ojhbv,,
bCSKEQsp82,Assignment6,ojhbv,,
bCSKEQsp82,Final Exam,ojhbv,,